system:index,loss_label,past_loss,rainfall_anomaly,rainfall_total,spi,treecover2000,.geo
23,0,1,679.0530784770845,8533.767176687717,0.39312115457895114,86,"{""type"":""Point"",""coordinates"":[93.37934900161851,25.63207235061726]}"
24,0,0,1106.8043295711286,16216.767475720495,0.4368087690310499,25,"{""type"":""Point"",""coordinates"":[76.22081291845767,10.325823238921172]}"
35,0,0,1107.5317558529086,6291.7172168291,0.9764809547689859,43,"{""type"":""Point"",""coordinates"":[84.23766371299003,23.632543580478377]}"
36,1,0,2290.0690244251473,18448.17860222533,0.5526079982907462,76,"{""type"":""Point"",""coordinates"":[90.84672112576925,25.599238442105715]}"
60,0,1,1791.542848476769,18382.037798713893,0.5747188171332714,70,"{""type"":""Point"",""coordinates"":[75.54734908365452,12.541993884313358]}"
66,1,0,1314.036538866907,11424.831910115667,0.6491584853282569,61,"{""type"":""Point"",""coordinates"":[93.69894297930668,27.015746692399443]}"
67,0,1,1453.0283012628552,13145.676927000284,0.6149942765992148,76,"{""type"":""Point"",""coordinates"":[94.66659984522133,26.752616501752716]}"
80,1,0,953.021124903582,8662.964970608828,0.6539829252355087,36,"{""type"":""Point"",""coordinates"":[83.3501315005455,18.891497711471406]}"
107,0,1,189.66096095740795,11157.537363331765,0.07365721772296477,59,"{""type"":""Point"",""coordinates"":[92.77471928151961,25.47562188239258]}"
122,1,0,-16.883807992935544,9991.8507200405,-0.008295968684786388,64,"{""type"":""Point"",""coordinates"":[76.09899132616498,11.751882086873755]}"
126,0,1,442.8558674991127,9322.474823184311,0.21955437583951382,72,"{""type"":""Point"",""coordinates"":[92.8989539065955,25.77206588255878]}"
129,0,1,709.3651871392503,10285.368824311765,0.3859344078201849,60,"{""type"":""Point"",""coordinates"":[92.47113385818032,26.930400782412]}"
144,1,0,220.98038709163666,11993.984252214432,0.10581950371605502,79,"{""type"":""Point"",""coordinates"":[94.9805358796603,28.29264389956281]}"
145,0,1,974.9133174836643,11717.234794437885,0.3945232367870242,69,"{""type"":""Point"",""coordinates"":[92.90134166287429,23.140136441563712]}"
182,0,1,1029.0406270623207,11799.84764842689,0.5010524845828133,88,"{""type"":""Point"",""coordinates"":[95.47064823426005,26.89749068478883]}"
183,0,1,884.9424301502331,7881.998797136946,0.6263372550911642,47,"{""type"":""Point"",""coordinates"":[81.02406946007567,19.122356349743853]}"
185,0,1,2203.949609445268,7095.65674202732,1.0416566302472563,46,"{""type"":""Point"",""coordinates"":[76.98719694407268,32.01890524755893]}"
195,0,1,710.7298359234992,10030.93962499746,0.3347097441358473,35,"{""type"":""Point"",""coordinates"":[74.21114115907756,15.76886468830981]}"
218,0,0,647.094312635325,7708.985130889666,0.46729436590152335,62,"{""type"":""Point"",""coordinates"":[83.5820071187574,20.13718166054963]}"
226,1,0,-718.5543953329325,7098.525408480316,-0.453323252966379,67,"{""type"":""Point"",""coordinates"":[77.17097290332825,10.28700359291651]}"
231,0,0,911.6445402681475,8425.817609377162,0.6351700046466967,56,"{""type"":""Point"",""coordinates"":[80.8998982529113,19.480312219671127]}"
245,0,1,395.60565062002206,10243.188279797556,0.2084702495369411,86,"{""type"":""Point"",""coordinates"":[93.83034384297278,6.882714309204679]}"
256,0,0,116.65404478167693,11037.43558353006,0.046264845553186454,95,"{""type"":""Point"",""coordinates"":[96.30657975829742,27.9391448155745]}"
259,0,1,164.47005217695823,6970.659892760523,0.2121244182705983,67,"{""type"":""Point"",""coordinates"":[78.62478094637596,11.852603207623071]}"
279,0,1,845.3983918888862,14323.818378506045,0.26715077694902334,83,"{""type"":""Point"",""coordinates"":[92.81593793405625,24.315560169382355]}"
297,0,1,1983.4655438728805,15065.287075386404,0.7798037398345814,67,"{""type"":""Point"",""coordinates"":[91.67478895796648,23.95449582679883]}"
298,0,1,907.2594568446275,7963.984164157882,0.5821786557241653,78,"{""type"":""Point"",""coordinates"":[94.25872397850779,24.774692866267348]}"
301,0,0,1800.145809820482,18492.685702425893,0.5139018496206417,39,"{""type"":""Point"",""coordinates"":[74.63044611524684,13.933666359946038]}"
311,0,1,1301.1657148521554,13346.401510601418,0.4687993428556431,83,"{""type"":""Point"",""coordinates"":[92.74046274995236,22.150439428983844]}"
318,0,1,499.85845941386106,12341.72534673017,0.193800900820713,29,"{""type"":""Point"",""coordinates"":[96.30691964129525,27.81444590593527]}"
326,0,0,1090.2518982887268,12039.204605013132,0.5133924833237413,34,"{""type"":""Point"",""coordinates"":[94.93989774846166,26.4503842822979]}"
357,0,1,768.3012403164994,7576.027410377399,0.6023138950777918,30,"{""type"":""Point"",""coordinates"":[81.3754378108147,19.507253581009248]}"
360,1,0,1936.4904428369518,17143.146503091695,0.5114585670901433,48,"{""type"":""Point"",""coordinates"":[90.41064574879046,25.637865937065605]}"
367,0,1,699.6367127940066,9180.68715585582,0.4172653585193034,69,"{""type"":""Point"",""coordinates"":[94.13490429501398,23.918949524985912]}"
373,0,1,1631.9139596745372,8718.522466188297,1.0092546784092817,87,"{""type"":""Point"",""coordinates"":[79.21048283262705,29.451005842464042]}"
383,0,1,579.787452437341,7803.4901431933795,0.41821662806488114,34,"{""type"":""Point"",""coordinates"":[83.77823310187375,20.090362960821434]}"
401,0,1,51.36315365182236,8291.44436109194,0.027993384276771213,28,"{""type"":""Point"",""coordinates"":[74.8482150821792,14.832371021489783]}"
403,0,1,2756.906591302087,9462.70888143024,0.9653837407050886,28,"{""type"":""Point"",""coordinates"":[75.61803302404029,32.63182848719569]}"
417,0,0,709.7512982130047,8871.97529065609,0.4134229477075446,87,"{""type"":""Point"",""coordinates"":[93.90563593092057,25.659246408320964]}"
440,0,1,923.961539071799,14476.240159470588,0.5134653739511781,81,"{""type"":""Point"",""coordinates"":[77.01397473530143,9.238853281798292]}"
453,0,0,693.4518681663285,15448.63674368933,0.20505563578795508,53,"{""type"":""Point"",""coordinates"":[92.29195425377134,24.485297379805534]}"
467,0,1,1389.1495430886753,10800.026830777526,0.7086698515785269,89,"{""type"":""Point"",""coordinates"":[93.61675914630979,26.55103189692318]}"
468,0,0,783.2363839015361,13301.088581411168,0.3707748618206998,26,"{""type"":""Point"",""coordinates"":[76.25885516647526,11.278550413161113]}"
485,1,0,1513.573868340999,7325.2246673041955,0.959777636861807,28,"{""type"":""Point"",""coordinates"":[79.6156731107981,30.147152726654724]}"
487,0,1,1767.7668592862783,9903.103625266813,0.9729227836751606,72,"{""type"":""Point"",""coordinates"":[79.49514437186662,29.411039487014055]}"
488,0,0,1008.988373746979,12368.038261871174,0.3647909464845643,77,"{""type"":""Point"",""coordinates"":[92.87529526940105,22.683158381241274]}"
493,0,1,3497.790688980611,21819.09549269203,0.8199129403947885,66,"{""type"":""Point"",""coordinates"":[90.97478371412406,25.46201817902373]}"
515,0,1,1204.9941270977251,16511.900052260607,0.575293675752194,42,"{""type"":""Point"",""coordinates"":[76.7737170682341,9.313360952630097]}"
516,0,1,293.2556381046779,9333.45238390565,0.15186983810232219,41,"{""type"":""Point"",""coordinates"":[92.21853244642767,26.885755109710477]}"
527,0,0,794.8522601127625,15632.973770841956,0.3429663087851927,69,"{""type"":""Point"",""coordinates"":[76.70794992940309,9.277213341825153]}"
544,0,1,823.8965335788243,8357.386114977538,0.5390685172307188,45,"{""type"":""Point"",""coordinates"":[83.26816590907944,19.4040034196004]}"
563,0,1,1553.972227512766,6213.230366895557,0.8466090615449878,68,"{""type"":""Point"",""coordinates"":[78.60401318384017,30.876349797522163]}"
581,0,1,2100.2934164137814,7911.227005349618,0.8946421649643239,75,"{""type"":""Point"",""coordinates"":[78.26270516384956,30.922702488542303]}"
586,0,1,589.2629190879288,7777.490070114189,0.44879204134127876,36,"{""type"":""Point"",""coordinates"":[80.9112808608819,19.911643980390856]}"
613,0,1,880.6898780611173,16205.930274415392,0.24718243487141509,64,"{""type"":""Point"",""coordinates"":[92.8611584385565,24.933713282165556]}"
622,0,1,146.91849727630688,9579.980899810791,0.08550751377024289,89,"{""type"":""Point"",""coordinates"":[94.24553457021601,28.03561823696456]}"
623,0,1,587.1921104008798,6254.419961161271,0.518315309531815,25,"{""type"":""Point"",""coordinates"":[71.77555872454487,27.589431244921776]}"
628,0,0,805.7236801862709,11803.879718393087,0.3728189180942089,63,"{""type"":""Point"",""coordinates"":[95.0502188649736,26.58738910578828]}"
644,1,0,-598.526663446426,9799.010958835483,-0.3297453266036579,36,"{""type"":""Point"",""coordinates"":[77.34262354853223,9.350244795867383]}"
660,1,0,1189.1156772530412,13157.927099753957,0.43529070801135494,78,"{""type"":""Point"",""coordinates"":[92.74082289339347,22.178091978841277]}"
662,0,1,748.0929740846159,8107.265770971775,0.4258360240588599,38,"{""type"":""Point"",""coordinates"":[94.0126600993669,24.352580438399077]}"
674,0,0,687.7891913036638,8869.230855700887,0.36642529340926944,73,"{""type"":""Point"",""coordinates"":[93.3700086488568,23.75289939445522]}"
689,0,1,1410.7580335993625,12985.342128413304,0.7024526416570566,60,"{""type"":""Point"",""coordinates"":[88.39940313023074,26.847312448259398]}"
708,0,1,118.26372842630371,5636.931338010239,0.1018705174012893,49,"{""type"":""Point"",""coordinates"":[88.57092876402078,27.485544873441736]}"
715,1,0,274.49475695788897,10812.151995468885,0.12499214303495208,52,"{""type"":""Point"",""coordinates"":[76.0113757670213,11.989936053201339]}"
777,0,0,-16.883807992935544,9991.8507200405,-0.008295968684786388,71,"{""type"":""Point"",""coordinates"":[76.10421875288652,11.790139458173751]}"
789,0,1,629.7161787867553,11577.235663190484,0.28036487780462754,86,"{""type"":""Point"",""coordinates"":[95.58569547980291,27.17676924584453]}"
797,0,1,840.8907039706919,7405.949066579965,0.7056776360984846,33,"{""type"":""Point"",""coordinates"":[82.72358012987783,22.68873063701888]}"
800,0,0,2065.211598493159,18830.311839735135,0.595442030037854,25,"{""type"":""Point"",""coordinates"":[75.25853765373449,12.15360375971844]}"
802,1,0,716.2314521358858,6866.201542863802,0.5869026654479204,33,"{""type"":""Point"",""coordinates"":[84.18915720305412,18.653007778437253]}"
820,0,0,1945.3326405763619,17998.4736867249,0.4985873528796072,61,"{""type"":""Point"",""coordinates"":[90.44888862066699,25.491043657633465]}"
826,0,0,-40.11230159997922,2330.04364297539,-0.07977008152697876,69,"{""type"":""Point"",""coordinates"":[92.29389605583324,27.49302203727026]}"
842,0,1,693.8120547115805,8860.431128539145,0.44115878585612256,81,"{""type"":""Point"",""coordinates"":[94.8344892640711,25.88408069204617]}"
847,1,0,979.2485906243328,11707.240890875459,0.47874640759335324,93,"{""type"":""Point"",""coordinates"":[95.51643264253423,26.962958373896097]}"
849,0,1,736.7452745956571,7814.659954687258,0.5240921801195279,25,"{""type"":""Point"",""coordinates"":[84.1140637606397,19.533967064476425]}"
884,0,1,2375.305211663246,18500.33418893814,0.5943265138714876,65,"{""type"":""Point"",""coordinates"":[90.6324082991232,25.379159760252215]}"
920,0,1,679.5348311185844,9622.279861744493,0.3469763144947405,89,"{""type"":""Point"",""coordinates"":[93.29113828989159,26.412740811330295]}"
925,1,0,1031.9251093097391,13897.648521737241,0.36588057661353207,41,"{""type"":""Point"",""coordinates"":[91.96180363052342,24.236936097332546]}"
929,0,1,2275.3371222579854,7773.136660929071,0.9490083509474332,54,"{""type"":""Point"",""coordinates"":[77.37908538322208,30.80603607641035]}"
931,0,1,-579.1670924246318,11201.55931000039,-0.18222526972701536,35,"{""type"":""Point"",""coordinates"":[92.14231195823899,25.521151724312457]}"
937,0,0,958.7462449894947,7378.4663526063905,0.7136054311862967,51,"{""type"":""Point"",""coordinates"":[85.19224748906304,21.782353843853283]}"
939,0,0,625.5082884790172,11589.085672706573,0.2549146572564681,78,"{""type"":""Point"",""coordinates"":[92.8218064016543,23.39529121891668]}"
948,1,0,2004.1101881942468,15604.755350123012,0.7238706721440337,75,"{""type"":""Point"",""coordinates"":[91.88429306918457,23.651484079158315]}"
959,0,1,1273.7506685791886,6544.459831440632,1.1491831831923156,38,"{""type"":""Point"",""coordinates"":[84.51231666752732,23.86118501335931]}"
961,0,1,691.2874871402983,9286.226218152791,0.4428689201327382,78,"{""type"":""Point"",""coordinates"":[92.9042245089517,27.1036830369852]}"
966,1,0,-387.8320707950734,10553.41647106735,-0.13563063075902343,74,"{""type"":""Point"",""coordinates"":[92.43933599507909,25.63512728820766]}"
986,0,0,406.26753331454165,12006.258902743852,0.14304917637787987,74,"{""type"":""Point"",""coordinates"":[93.07405975232484,24.346107714974227]}"
1006,0,0,739.1043463183332,7875.6533879076305,0.5231075624709431,25,"{""type"":""Point"",""coordinates"":[83.56744839710501,19.87803719949493]}"
1007,0,1,430.62303230166435,9530.744135145098,0.21052921587502557,80,"{""type"":""Point"",""coordinates"":[93.08457880284921,25.484603258179437]}"
1025,0,0,858.345622931025,8198.967361924675,0.6155104644120885,50,"{""type"":""Point"",""coordinates"":[81.14511607335928,19.751146146993094]}"
1029,0,1,-40.293875470757484,7167.812685625628,-0.035839009564027136,84,"{""type"":""Point"",""coordinates"":[77.71337845624691,10.285186295515155]}"
1037,1,0,602.6619500173801,11634.297092409639,0.21777576987336747,80,"{""type"":""Point"",""coordinates"":[93.28834857519573,24.520287311635727]}"
1042,0,1,-167.9313107226899,4064.2832474963598,-0.15152029175254603,34,"{""type"":""Point"",""coordinates"":[97.13080376150485,28.207930654473493]}"
1052,0,1,925.6676794290543,8378.852688267827,0.5574734221712772,74,"{""type"":""Point"",""coordinates"":[94.33078193924611,24.733563873843437]}"
1054,0,1,2448.4186137549586,20145.76876800414,0.6698595850585155,50,"{""type"":""Point"",""coordinates"":[75.17031148610572,12.517407425345384]}"
1066,0,1,693.4004604372194,8069.443569956697,0.5008055822061641,59,"{""type"":""Point"",""coordinates"":[82.14254034438243,27.811210392509533]}"
1067,1,0,1600.0037319183357,17197.26112177968,0.5317503830371441,55,"{""type"":""Point"",""coordinates"":[75.62273141428685,11.937259057342834]}"
1072,0,0,831.2669856622815,12438.079460242763,0.4941440586974071,55,"{""type"":""Point"",""coordinates"":[77.03331643194248,8.820837340560809]}"
1077,0,1,688.5390660912344,13077.244450947337,0.21768934902894824,73,"{""type"":""Point"",""coordinates"":[92.72082259936971,22.40743352041842]}"
1079,0,1,455.56991715431195,7558.150136053562,0.3177338563528357,58,"{""type"":""Point"",""coordinates"":[94.56204280307546,25.810441474451967]}"
1084,0,1,1555.7631590706442,24256.645675603493,0.3685798281172605,98,"{""type"":""Point"",""coordinates"":[92.5797019426268,11.88324862618616]}"
1096,1,0,38.70751984268463,11244.751393638551,0.014125449636135075,44,"{""type"":""Point"",""coordinates"":[92.6077054851998,25.530781728748114]}"
1097,0,1,2396.884064602851,18295.118521511555,0.6198357547874119,82,"{""type"":""Point"",""coordinates"":[90.40095185755625,25.519118372036882]}"
1107,0,1,445.55890025158806,11801.399334731948,0.1744271558906056,96,"{""type"":""Point"",""coordinates"":[96.44917456650563,27.839216461926917]}"
1132,0,1,793.0096123874191,11529.639700401574,0.3061908824538452,83,"{""type"":""Point"",""coordinates"":[92.95869507807672,22.979093779556006]}"
1147,0,1,1669.7576995409818,5829.602423356006,0.942569841232202,28,"{""type"":""Point"",""coordinates"":[76.47396567367238,31.09213318353137]}"
1154,0,1,216.50671185124702,11203.30106527009,0.08151337913439909,79,"{""type"":""Point"",""coordinates"":[92.27389490002975,25.75571106807874]}"
1158,0,0,519.4686807742582,15752.370481594262,0.19500985092574197,87,"{""type"":""Point"",""coordinates"":[95.40629223004088,28.275118917505228]}"
1161,0,0,876.6139091578389,8289.55078932609,0.6289415752723075,54,"{""type"":""Point"",""coordinates"":[84.09321467374713,20.06818681383794]}"
1164,0,1,3515.6773959912352,26017.72700810898,0.7675869121198564,33,"{""type"":""Point"",""coordinates"":[91.45177902431888,25.161404454318355]}"
1166,0,0,175.6340423107149,7854.772576570511,0.12329084370070324,75,"{""type"":""Point"",""coordinates"":[93.61293804368057,27.762232134751752]}"
1174,0,1,435.17656916408305,6911.198267616686,0.5066465087648523,32,"{""type"":""Point"",""coordinates"":[80.29908742280259,21.161400389501093]}"
1177,0,0,426.8495193476865,9940.305103286528,0.24103719085643974,73,"{""type"":""Point"",""coordinates"":[88.66365008665448,27.09393213537405]}"
1178,0,1,655.0482884323019,8126.810058061706,0.45712456165391946,34,"{""type"":""Point"",""coordinates"":[82.54317782680543,18.331921647444748]}"
1182,0,1,-444.41485909223593,11874.312493875623,-0.14605366627621838,79,"{""type"":""Point"",""coordinates"":[91.65952222112071,25.682581204747127]}"
1197,0,1,1479.0860500663512,14514.650000911206,0.6461890965755834,84,"{""type"":""Point"",""coordinates"":[94.00326887267082,27.369148665039635]}"
1200,0,1,812.7841035676074,7696.746542090186,0.6516972443176013,35,"{""type"":""Point"",""coordinates"":[82.01703245876688,19.56057625839521]}"
1218,0,0,-94.0367184728384,10148.327887486666,-0.03717934606612667,67,"{""type"":""Point"",""coordinates"":[92.48287874472857,25.754367729499403]}"
1232,0,0,-226.5828245863322,11581.705297218636,-0.09860569093456584,42,"{""type"":""Point"",""coordinates"":[76.31218203243196,11.241014612982381]}"
1241,0,0,1619.675275731086,17477.90607827902,0.6010216713639102,69,"{""type"":""Point"",""coordinates"":[95.28167998678782,27.882182534273404]}"
1242,0,1,617.5732238531109,8223.762141525745,0.41644926099546686,61,"{""type"":""Point"",""coordinates"":[94.7979464883705,25.71900584647236]}"
1251,0,0,727.0780845889931,7994.857029759572,0.5238002924862345,36,"{""type"":""Point"",""coordinates"":[80.673296087438,19.456723951338933]}"
1262,1,0,549.6603349208654,7555.5992607809385,0.39907315352160705,63,"{""type"":""Point"",""coordinates"":[82.35603049448606,17.553252701697268]}"
1276,0,1,702.7776318959304,7682.608075725772,0.5078092070329023,72,"{""type"":""Point"",""coordinates"":[80.74818278399994,19.283867736222856]}"
1285,0,1,1045.9387201786212,15509.007314238721,0.3207404643937714,70,"{""type"":""Point"",""coordinates"":[92.427002471155,24.197926388450764]}"
1290,0,1,-424.2472977146508,3082.7808523010463,-0.4364932932844709,65,"{""type"":""Point"",""coordinates"":[95.67270695534519,29.10256811188143]}"
1291,0,1,1181.3547888696194,6372.459582045674,1.1492405470556397,33,"{""type"":""Point"",""coordinates"":[86.38004485865841,25.046392701952147]}"
1298,0,1,920.280106532573,15576.313420578837,0.3919585183768596,76,"{""type"":""Point"",""coordinates"":[76.51687573013321,10.254817502150527]}"
1312,0,1,780.3814595115527,8543.114820086997,0.46973291960386065,75,"{""type"":""Point"",""coordinates"":[81.57446394995421,17.719166629977607]}"
1318,0,0,469.862352848053,9997.5106549263,0.21256078348186705,63,"{""type"":""Point"",""coordinates"":[93.34634958042854,25.20136730120432]}"
1322,0,1,778.6596232033835,8151.547984902692,0.5156080485449093,59,"{""type"":""Point"",""coordinates"":[83.63906126774482,19.569081442789912]}"
1329,0,1,780.656750532984,14669.95837437734,0.33690212764692323,59,"{""type"":""Point"",""coordinates"":[76.02474100362436,11.279531603825514]}"
1363,0,1,1619.675275731086,17477.90607827902,0.6010216713639102,66,"{""type"":""Point"",""coordinates"":[95.28753491258963,27.857723232576916]}"
1385,0,1,752.7360017001629,15751.56181897968,0.30032039692691714,40,"{""type"":""Point"",""coordinates"":[76.28027476930653,10.271029852054586]}"
1395,0,1,-50.899900530201194,10616.149172948772,-0.0199198241427948,93,"{""type"":""Point"",""coordinates"":[96.37951822012835,27.97427683055472]}"
1397,0,1,1264.003062243387,7290.046637101099,0.7936210683763991,32,"{""type"":""Point"",""coordinates"":[80.0640061591112,30.093083182617477]}"
1426,1,0,2059.0763826161638,19558.27471685037,0.5728231533928211,50,"{""type"":""Point"",""coordinates"":[75.20827074449983,12.307270312233157]}"
1460,0,1,663.1933560132984,10360.706539332867,0.2928050907105309,87,"{""type"":""Point"",""coordinates"":[93.42541047412485,25.098581356341317]}"
1470,1,0,1069.5336620211601,10436.50292763114,0.542228114386434,78,"{""type"":""Point"",""coordinates"":[93.73838230463086,25.72480313787696]}"
1473,0,1,1323.115679218381,7911.985498147718,0.8867301633504407,60,"{""type"":""Point"",""coordinates"":[78.8932430045463,29.63353228571007]}"
1489,0,1,1611.7629556417469,11214.017593860626,0.8044969634295822,90,"{""type"":""Point"",""coordinates"":[93.63544372727429,26.48229830503427]}"
1498,0,1,416.4445139408108,11373.12215404585,0.13687486756584277,70,"{""type"":""Point"",""coordinates"":[91.33403280311131,25.920857303150445]}"
1521,0,1,1427.5396594405174,13201.557508707047,0.6393700380379617,84,"{""type"":""Point"",""coordinates"":[94.94779115548825,26.821291295176287]}"
1524,0,1,976.4139021335459,7336.682507879836,0.8922828948874716,32,"{""type"":""Point"",""coordinates"":[80.38196712920463,17.832252286961115]}"
1542,0,1,2395.373498710989,18854.545449923724,0.6026230162090299,38,"{""type"":""Point"",""coordinates"":[90.32452751332455,25.43418256541957]}"
1543,0,0,1554.911239448833,15681.009832930624,0.5114899317294036,78,"{""type"":""Point"",""coordinates"":[92.07734882275071,23.779090303628386]}"
1583,0,1,126.95626855185219,5732.598466414842,0.11660166012370615,91,"{""type"":""Point"",""coordinates"":[93.3845468809053,27.366316980911876]}"
1600,0,0,809.5890394687649,8429.23722076416,0.46446667264000185,72,"{""type"":""Point"",""coordinates"":[94.20185189004306,24.454587197747475]}"
1610,0,0,2794.3878932657026,19177.92060839412,0.6924432086689976,34,"{""type"":""Point"",""coordinates"":[90.63060495384036,25.497614662382688]}"
1623,0,1,794.8552763088919,8217.017633553516,0.554327421358506,65,"{""type"":""Point"",""coordinates"":[84.22240986164209,19.901320425539318]}"
1657,0,1,-147.08715767860485,8980.758595943451,-0.0735110852621602,89,"{""type"":""Point"",""coordinates"":[94.64180510476253,28.638068932846664]}"
1685,0,0,1887.0099761962256,7716.993285523648,0.9151717619919784,26,"{""type"":""Point"",""coordinates"":[78.26135610600703,30.704946281713955]}"
1694,0,0,416.82556656003,14755.102059271187,0.182733207012532,73,"{""type"":""Point"",""coordinates"":[76.8627712218389,9.373633232093498]}"
1708,0,1,1103.9548220992092,13221.567430861294,0.4545266815231227,74,"{""type"":""Point"",""coordinates"":[95.75057055034969,27.515377947275528]}"
1714,0,1,614.0129112587338,7889.8551976532935,0.42044787709365966,63,"{""type"":""Point"",""coordinates"":[80.99651285725353,19.503813020392098]}"
1722,0,1,1167.3547537370505,14931.678408265394,0.3856475861321695,74,"{""type"":""Point"",""coordinates"":[74.56651221203659,14.687811989613433]}"
1752,0,1,2018.7652516085363,7960.569186496046,0.9770702216094911,55,"{""type"":""Point"",""coordinates"":[78.77941060165746,30.595524298812485]}"
1774,0,0,932.8582609117038,13666.428183101118,0.4103936970376505,55,"{""type"":""Point"",""coordinates"":[76.33681828944424,10.671080440103701]}"
1775,0,1,798.4268225627193,7569.20095548781,0.5808370823385592,26,"{""type"":""Point"",""coordinates"":[84.88843326489211,19.72921180698794]}"
1790,0,1,419.73785289302396,13647.350495596416,0.15652004330333363,78,"{""type"":""Point"",""coordinates"":[93.8658262397124,7.178155263058458]}"
1819,0,0,855.2880318054486,8234.327459843074,0.5956172318295864,28,"{""type"":""Point"",""coordinates"":[85.04464050261133,20.31264002773518]}"
1825,0,0,1481.5104758024208,16530.02931511402,0.37333077475255805,60,"{""type"":""Point"",""coordinates"":[90.7785335649996,25.63218522348875]}"
1845,0,1,841.0943435297495,7125.962924702228,0.7450457309661301,36,"{""type"":""Point"",""coordinates"":[80.73586762512826,17.520991460027254]}"
1867,0,0,935.2762675181039,14445.176936874166,0.3284317608631962,38,"{""type"":""Point"",""coordinates"":[96.17444013866938,27.48791544347894]}"
1868,0,1,266.834091077204,7183.0151386356665,0.24358675819344727,33,"{""type"":""Point"",""coordinates"":[80.57553067737534,21.989050216437693]}"
1901,0,1,882.0319072049588,11829.111612965879,0.3373248319568572,83,"{""type"":""Point"",""coordinates"":[93.33776275346614,24.749938455083544]}"
1910,0,1,1977.9642418214116,7527.612884336268,0.9383843059273448,73,"{""type"":""Point"",""coordinates"":[78.16994830171444,30.784227023876248]}"
1921,0,1,85.86238540709019,13080.406911004335,0.037802911846703806,73,"{""type"":""Point"",""coordinates"":[76.17633850157782,11.36651967170271]}"
1922,0,1,813.919153330844,7581.1856728023795,0.6155899228629746,57,"{""type"":""Point"",""coordinates"":[80.7074074853467,19.12453765099846]}"
2022,0,1,2447.8218817469196,8114.889035671542,0.970637372854388,26,"{""type"":""Point"",""coordinates"":[76.97306982513585,31.473515461529317]}"
2024,1,0,742.1041083127257,15450.422370549291,0.2394410806826788,67,"{""type"":""Point"",""coordinates"":[75.70271459334425,11.857747481383127]}"
2044,0,1,1368.0759223192927,6724.367205258459,1.0904124452954633,32,"{""type"":""Point"",""coordinates"":[79.83301135837873,29.4529278396974]}"
2048,0,0,-316.11942186355554,8095.933789491653,-0.1606996282921504,86,"{""type"":""Point"",""coordinates"":[94.76044884836095,28.897797605224202]}"
2064,0,0,2125.0682774454363,16065.320085767657,0.6466088373442386,55,"{""type"":""Point"",""coordinates"":[90.26078949740345,25.807427444033152]}"
2080,1,0,1827.421457018705,15602.536289918238,0.6506801991384439,72,"{""type"":""Point"",""coordinates"":[91.87374812954627,23.76008834780704]}"
2088,0,1,676.75243484149,7913.687895574539,0.45825502451904093,27,"{""type"":""Point"",""coordinates"":[82.12054789743111,18.23727055200879]}"
2093,0,1,691.107134124637,8894.8410728015,0.42545731542540843,73,"{""type"":""Point"",""coordinates"":[94.11873803015567,23.967125303376545]}"
2094,0,1,1396.7283604293516,13654.069813668659,0.47110659172622227,88,"{""type"":""Point"",""coordinates"":[92.75756956654146,22.61560747113052]}"
2117,1,0,797.3008208737883,8169.301544346054,0.6207482850256651,73,"{""type"":""Point"",""coordinates"":[82.3974766109776,27.686701833839255]}"
2121,1,0,804.4175630712962,12541.090296226797,0.29314686320199823,86,"{""type"":""Point"",""coordinates"":[92.74770773134463,23.15327685903888]}"
2125,0,0,1199.1625607846254,9442.334366984425,0.7561824938621555,25,"{""type"":""Point"",""coordinates"":[74.52495022823385,15.381051632577838]}"
2131,0,1,-269.57981799840854,11596.975283816457,-0.1265933957030546,88,"{""type"":""Point"",""coordinates"":[77.11679457294076,9.397001307631148]}"
2146,0,0,920.280106532573,15576.313420578837,0.3919585183768596,82,"{""type"":""Point"",""coordinates"":[76.50159410862096,10.250587361564486]}"
2156,0,1,387.77339684963226,12544.088119983673,0.1760926538216915,33,"{""type"":""Point"",""coordinates"":[95.08822377564886,28.427918150536694]}"
2171,0,1,234.42378523945808,10266.681980140507,0.09850774499510118,48,"{""type"":""Point"",""coordinates"":[92.6326239959794,25.785240325466802]}"
2179,0,1,2189.424174046517,15421.155260801315,0.6898942536677078,32,"{""type"":""Point"",""coordinates"":[90.49368086950861,26.065636169391798]}"
2184,0,1,199.10550951957703,10846.76870393753,0.10107549987483881,94,"{""type"":""Point"",""coordinates"":[94.8399786552169,28.380208160365886]}"
2199,0,1,-204.72742958090566,12637.116659685698,-0.06406767395048377,84,"{""type"":""Point"",""coordinates"":[91.51903131179803,25.72085653168093]}"
2213,0,1,-179.14908172734977,6188.352153032727,-0.12491234265017974,55,"{""type"":""Point"",""coordinates"":[74.93277299590868,14.9504645338807]}"
2228,0,1,461.5923607150771,7264.79932904741,0.3489188724858162,56,"{""type"":""Point"",""coordinates"":[81.96879630910277,17.593425790354996]}"
2243,0,1,224.1428398489952,15058.417355641723,0.08917206177053594,63,"{""type"":""Point"",""coordinates"":[76.71817996618636,9.875956957538211]}"
2246,0,1,772.2377639710903,15423.461279852316,0.2594962097398983,51,"{""type"":""Point"",""coordinates"":[75.71933758510106,12.344517260014701]}"
2259,0,1,183.04967622756885,10901.6068277359,0.08839424701389492,49,"{""type"":""Point"",""coordinates"":[94.68619192033742,28.28275256029505]}"
2295,0,1,1089.7769372349067,6950.888550401365,1.0756182764908317,31,"{""type"":""Point"",""coordinates"":[80.14167300853035,17.873051944967116]}"
2305,1,0,-323.9305202245714,6514.5504269599915,-0.20142325523834506,47,"{""type"":""Point"",""coordinates"":[96.01222418858919,28.659064750197853]}"
2308,0,1,636.152928304009,7725.400422289138,0.4830636936784955,54,"{""type"":""Point"",""coordinates"":[81.24508862708205,19.94714311923684]}"
2321,0,1,602.6854573093424,9955.65500108433,0.319911822243759,41,"{""type"":""Point"",""coordinates"":[94.83382173709839,26.26566787810784]}"
2334,0,0,568.1234097003944,14156.690952032804,0.2461108118820642,75,"{""type"":""Point"",""coordinates"":[76.40593318973522,10.44393844409227]}"
2338,0,0,890.2190823169094,8905.7442813471,0.5273555337774704,27,"{""type"":""Point"",""coordinates"":[74.49578079908055,15.47101174596483]}"
2342,0,0,1085.4152932947381,8603.226648219614,0.6006621628124256,35,"{""type"":""Point"",""coordinates"":[93.67746352766078,24.657099712919837]}"
2356,0,1,1485.6982133403417,14158.374774031341,0.5264211313971188,84,"{""type"":""Point"",""coordinates"":[92.69662782908652,22.868813799830935]}"
2360,0,1,-608.4347328141339,10844.563455408439,-0.27346965895451425,90,"{""type"":""Point"",""coordinates"":[77.19860038645017,9.380259539488533]}"
2376,0,0,762.3668310001485,11450.646629489958,0.28877845766587734,69,"{""type"":""Point"",""coordinates"":[92.94373371464565,22.9994052510101]}"
2387,0,0,1548.9181686297052,13907.21474185586,0.5672851125979235,79,"{""type"":""Point"",""coordinates"":[92.75742511110514,23.087290508834084]}"
2390,0,0,482.31006997525765,13441.686729576439,0.210497941206034,46,"{""type"":""Point"",""coordinates"":[76.29180109327488,11.120021143109737]}"
2396,1,0,1296.469724369923,17138.100087435145,0.5231298776194369,67,"{""type"":""Point"",""coordinates"":[95.21281103519192,28.216402684036193]}"
2403,0,1,2197.1360757489456,7700.021150185348,0.9106080042961496,41,"{""type"":""Point"",""coordinates"":[78.29146517211323,31.11197340086883]}"
2406,1,0,847.1209849826992,7956.195945783518,0.5547015547581181,85,"{""type"":""Point"",""coordinates"":[94.55225684321724,25.14334623253999]}"
2411,0,0,-161.14113132432067,11378.418817770667,-0.05490824784760498,25,"{""type"":""Point"",""coordinates"":[92.3352563541807,25.607005690651253]}"
2426,1,0,734.3053988575939,7551.925664514303,0.5043399790374749,30,"{""type"":""Point"",""coordinates"":[94.08890048870234,25.117986107827175]}"
2427,0,1,652.7356651075588,7897.524435101659,0.43164525270672455,61,"{""type"":""Point"",""coordinates"":[80.5378387504144,28.612405580810652]}"
2450,0,1,1059.1967853464184,8779.674872658215,0.6827676632325681,32,"{""type"":""Point"",""coordinates"":[81.34528122964579,19.22924634000882]}"
2468,0,1,-394.30328237609956,5377.379731209367,-0.504118074563016,42,"{""type"":""Point"",""coordinates"":[78.64513253615091,11.25074227379842]}"
2471,0,1,650.8103110138327,11117.788620241452,0.3205534824230579,95,"{""type"":""Point"",""coordinates"":[95.78534890831352,27.03809808952346]}"
2498,0,0,-824.8708484888075,6365.538156181574,-0.5750653029298162,76,"{""type"":""Point"",""coordinates"":[77.2182812728622,10.279047748329871]}"
2499,0,1,700.7360009253025,7778.136070005596,0.4528236747977313,73,"{""type"":""Point"",""coordinates"":[94.30221435965463,25.01828092713939]}"
2513,0,1,381.1208612918854,15008.157994508743,0.13349654474043532,60,"{""type"":""Point"",""coordinates"":[95.83009998820772,28.111139169733573]}"
2551,0,1,72.3801628171268,7027.810353819139,0.062303082538738536,69,"{""type"":""Point"",""coordinates"":[80.92708659922629,22.159394407001926]}"
2564,1,0,1099.2572264790542,14964.006792724133,0.4406432520397555,33,"{""type"":""Point"",""coordinates"":[76.14193263485103,10.628258543644632]}"
2567,0,1,634.4897300541397,8332.120601475239,0.3920148086212531,88,"{""type"":""Point"",""coordinates"":[93.94220961675781,25.621684653001253]}"
2570,0,1,2472.8430680317806,8331.00634373515,0.9205867749210215,53,"{""type"":""Point"",""coordinates"":[76.5517220933716,31.608279096579288]}"
2579,0,0,658.9742049144152,8969.502250997528,0.33453812299157926,86,"{""type"":""Point"",""coordinates"":[93.26142301500379,23.56683298123765]}"
2584,0,1,-587.1101182967432,12626.046438354999,-0.175379721612578,74,"{""type"":""Point"",""coordinates"":[92.10917889920123,25.420771111464045]}"
2603,0,1,617.109453463554,9862.32108438015,0.34014729485791106,56,"{""type"":""Point"",""coordinates"":[94.25021079729267,25.917260295592175]}"
2610,0,1,73.5623390913006,6924.629540294409,0.053656764076780855,92,"{""type"":""Point"",""coordinates"":[93.56684892261801,27.537664653364107]}"
2620,1,0,722.6015993519841,7888.459731368252,0.49614348453110296,45,"{""type"":""Point"",""coordinates"":[83.99573034543164,19.494931201738382]}"
2623,0,1,-251.42329290900398,7519.661855782149,-0.1976932743951035,50,"{""type"":""Point"",""coordinates"":[77.55810150289363,10.253836259313417]}"
2649,0,1,1068.2302405834198,11092.436436653137,0.5636932465994561,73,"{""type"":""Point"",""coordinates"":[94.74664268932423,26.305802199339542]}"
2666,0,0,1272.395896500162,18419.654785245657,0.3727989669838569,32,"{""type"":""Point"",""coordinates"":[74.96759086880519,13.426400657551898]}"
2674,0,1,95.96197739486797,4250.933041448952,0.11754159529099933,81,"{""type"":""Point"",""coordinates"":[93.36017429550856,27.618085424083763]}"
2684,0,0,2004.1101881942468,15604.755350123012,0.7238706721440337,73,"{""type"":""Point"",""coordinates"":[91.85701226129254,23.607090510716635]}"
2725,0,1,1058.8057585418228,12750.050148911774,0.5422102934874379,37,"{""type"":""Point"",""coordinates"":[76.45743486555236,10.697300607825934]}"
2733,0,1,1156.6174997794678,13134.66869282574,0.45637277198956105,86,"{""type"":""Point"",""coordinates"":[92.55073096192889,23.643005665643155]}"
2750,0,1,1540.2180698057364,7695.285985900754,1.0673180157839361,44,"{""type"":""Point"",""coordinates"":[79.38719130592773,29.62439687965567]}"
2762,0,1,521.9208208948367,11624.020931065083,0.21732793781729107,83,"{""type"":""Point"",""coordinates"":[95.64509192955676,27.475651990890352]}"
2769,0,0,1200.9423880904906,18383.543727753684,0.36488301651619187,31,"{""type"":""Point"",""coordinates"":[75.33041913527616,13.03900383142037]}"
2770,0,0,1207.7101768285302,13863.218448150936,0.44609847910748995,83,"{""type"":""Point"",""coordinates"":[92.50585266287686,23.38977001552653]}"
2789,0,1,475.2932747058567,13612.060885829851,0.21852892806841268,73,"{""type"":""Point"",""coordinates"":[76.93407374484828,9.113233528177497]}"
2815,0,0,95.14664798378908,9695.620214886963,0.05780784313391512,61,"{""type"":""Point"",""coordinates"":[76.57892827800234,10.987331056765653]}"
2825,0,0,-854.0209659963839,7894.553098957986,-0.4933689783965992,72,"{""type"":""Point"",""coordinates"":[77.23197209689674,10.026483377218023]}"
2852,0,1,1048.2871366217732,8019.022202471271,0.667892771036714,83,"{""type"":""Point"",""coordinates"":[94.24879418536511,24.822820838044922]}"
2877,0,1,966.1662900567062,12094.99083866179,0.4503478599346266,92,"{""type"":""Point"",""coordinates"":[95.39367905092936,26.83941161242209]}"
2884,0,0,753.1875261512314,8582.715719293421,0.4962919893340653,26,"{""type"":""Point"",""coordinates"":[83.12298608828398,18.587224382365363]}"
2902,0,0,1183.5802364080046,16601.179233934592,0.3080569576259448,87,"{""type"":""Point"",""coordinates"":[91.33850168449372,25.56876251178867]}"
2913,0,1,308.76700733018333,16021.241475936178,0.08967407794506836,38,"{""type"":""Point"",""coordinates"":[92.47212590896203,24.852230236175036]}"
2914,0,0,868.5965781415616,12868.580714027721,0.33305582709464165,73,"{""type"":""Point"",""coordinates"":[92.50068156537318,23.680081888193747]}"
2922,0,1,716.2910798268231,8094.925210474271,0.5119853989028551,32,"{""type"":""Point"",""coordinates"":[83.92740299592843,20.0425908024449]}"
2940,0,1,1636.48869996965,17229.23273700103,0.6434547745524125,31,"{""type"":""Point"",""coordinates"":[76.49077454564936,9.61895397310889]}"
2945,1,0,1537.270187523216,19261.286955158226,0.4480423112098768,59,"{""type"":""Point"",""coordinates"":[75.10743289952622,13.135453618150978]}"
2947,0,0,976.9388196839245,13777.718748705258,0.3490056097878135,88,"{""type"":""Point"",""coordinates"":[92.40187539924713,23.70691844846127]}"
2952,0,1,502.2075796121553,11844.553023270542,0.17731757763530193,90,"{""type"":""Point"",""coordinates"":[93.18844481452065,24.474996971272066]}"
2970,0,1,315.50492127094367,10184.470373647333,0.13438502962419194,66,"{""type"":""Point"",""coordinates"":[92.85903461282942,23.63513293166747]}"
2980,0,1,868.158365106583,9443.35151270032,0.47814082188394297,85,"{""type"":""Point"",""coordinates"":[93.51607469923987,25.763186906887693]}"
3009,0,1,806.0426828264453,8306.900544501748,0.5157853997121594,53,"{""type"":""Point"",""coordinates"":[82.0274833935497,18.828383464746896]}"
3016,0,1,88.71530019044803,10794.94119463861,0.05013589054474404,87,"{""type"":""Point"",""coordinates"":[77.11770001197972,8.858321354605414]}"
3034,0,1,1083.5987517958101,7365.315890446953,0.6815243395344643,33,"{""type"":""Point"",""coordinates"":[80.32137912093806,30.100664937653356]}"
3037,1,0,723.0857491623419,8328.790180535498,0.4861177708326568,48,"{""type"":""Point"",""coordinates"":[82.0741288519453,18.00240180205501]}"
3044,1,0,-248.46460603475498,11632.290825396776,-0.08285266166399652,52,"{""type"":""Point"",""coordinates"":[91.65917091376797,25.75325704243171]}"
3049,1,0,613.9800453802081,7785.6921628291575,0.4094906377334703,47,"{""type"":""Point"",""coordinates"":[82.14855557363079,18.26669209937299]}"
3056,0,1,1488.959336796217,11699.786703958875,0.739023802808129,61,"{""type"":""Point"",""coordinates"":[93.45995497968188,26.865630072762258]}"
3083,0,0,-133.5564106392667,8905.762290532817,-0.05902601799817163,36,"{""type"":""Point"",""coordinates"":[75.15142538261823,14.113037926904163]}"
3088,0,1,564.4275370595315,7113.413172624691,0.5154745277709948,30,"{""type"":""Point"",""coordinates"":[80.29256074059715,20.546866929790205]}"
3091,0,0,-19.35168715119289,11010.322421438992,-0.010086838923096815,41,"{""type"":""Point"",""coordinates"":[76.4321190123569,11.06976364438522]}"
3104,0,1,894.5235388739811,8891.96016147533,0.5109692262158734,82,"{""type"":""Point"",""coordinates"":[94.35785344042034,24.54949966724588]}"
3112,0,0,-13.233581609372777,15167.380651378655,-0.004179958948426018,56,"{""type"":""Point"",""coordinates"":[75.40615590602354,13.162653868555404]}"
3115,0,1,584.4252927972993,7871.070664668347,0.430470582034109,30,"{""type"":""Point"",""coordinates"":[82.37700663825066,17.922532144491147]}"
3140,0,1,84.56843969651072,6564.947068573634,0.07488633320134781,25,"{""type"":""Point"",""coordinates"":[80.93608028468395,21.899194911427934]}"
3141,1,0,59.848136426981,15741.157781663009,0.016702173239982004,61,"{""type"":""Point"",""coordinates"":[91.64418632011123,25.46640946791448]}"
3144,0,1,-271.3300782173874,4174.247187037021,-0.25273221541343643,80,"{""type"":""Point"",""coordinates"":[95.49045928460248,29.054297215431202]}"
3153,0,1,1628.7801096417415,7260.770104768737,1.224213493013685,38,"{""type"":""Point"",""coordinates"":[80.17455087147877,29.455352358466104]}"
3157,1,0,211.21812273168507,11536.684951766132,0.10013778599418573,61,"{""type"":""Point"",""coordinates"":[95.04742902628674,28.414068496734796]}"
3158,0,0,748.0929740846159,8107.265770971775,0.4258360240588599,71,"{""type"":""Point"",""coordinates"":[94.03922859359756,24.30485820210993]}"
3159,0,1,2075.338319660723,16866.418392168358,0.5913656489785853,43,"{""type"":""Point"",""coordinates"":[90.3401887221737,25.708712762802524]}"
3173,0,1,850.7330509862859,8031.206052462454,0.6182925176785804,25,"{""type"":""Point"",""coordinates"":[81.21416794502389,19.547398519249228]}"
3184,0,1,1346.3158350378271,8194.603028136306,0.9441992469023462,82,"{""type"":""Point"",""coordinates"":[79.48548214601203,29.06818956346446]}"
3236,0,0,744.383046960831,7516.662610650063,0.5234798076544475,63,"{""type"":""Point"",""coordinates"":[93.99904031333476,25.31602764858245]}"
3262,1,0,930.8724594537944,8912.764925502805,0.5082348205043133,87,"{""type"":""Point"",""coordinates"":[93.67726945254653,24.085118979903815]}"
3273,0,0,-16.883807992935544,9991.8507200405,-0.008295968684786388,67,"{""type"":""Point"",""coordinates"":[76.14868187563515,11.791712085136135]}"
3284,0,1,2164.8733892381188,17336.425370134413,0.5834352403052976,63,"{""type"":""Point"",""coordinates"":[90.05323355283754,25.46707516146055]}"
3305,0,1,609.3020999670025,10221.240126550198,0.31956823795050227,43,"{""type"":""Point"",""coordinates"":[94.31186627350705,26.078576421257203]}"
3309,0,1,1060.7370454192169,20430.170667678118,0.2950264060852383,47,"{""type"":""Point"",""coordinates"":[92.81528457431565,13.014395759601415]}"
3310,0,1,1662.4641859607773,8589.66285776929,1.0394291536762845,61,"{""type"":""Point"",""coordinates"":[79.3674987905997,29.503829884668185]}"
3380,0,0,987.7319716691964,11642.66977211833,0.4805156036927359,56,"{""type"":""Point"",""coordinates"":[94.95511702970147,26.459769461166026]}"
3414,0,1,1280.7685833245523,17793.809381400235,0.40070070824743226,32,"{""type"":""Point"",""coordinates"":[75.48851713732603,12.730300350372296]}"
3436,1,0,604.8911433712619,12290.004887687164,0.23181017192245076,87,"{""type"":""Point"",""coordinates"":[92.60822875704243,23.481098595970398]}"
3442,0,1,1328.2180197969083,11022.466698655859,0.6973014053513967,41,"{""type"":""Point"",""coordinates"":[93.31037899105858,26.656080232741378]}"
3450,0,0,695.5379535198208,7609.2954015135765,0.49270464164499655,82,"{""type"":""Point"",""coordinates"":[94.02368140989665,25.334837347365532]}"
3459,0,1,516.0299201953185,7135.439432693991,0.41647398425396376,49,"{""type"":""Point"",""coordinates"":[82.21184389780757,17.597749868916804]}"
3467,0,1,-1047.8303574651472,9824.450180198997,-0.44376549292000206,90,"{""type"":""Point"",""coordinates"":[77.2417494036154,9.359754714099635]}"
3471,0,0,316.25081124481494,7243.727866890244,0.2343509033618916,85,"{""type"":""Point"",""coordinates"":[93.15326111332999,27.29300031389922]}"
3493,1,0,1034.173743267148,6490.169034830804,0.8931802615876143,49,"{""type"":""Point"",""coordinates"":[81.84685520465666,23.852658262319974]}"
3498,0,1,462.67760113775694,15696.239590693265,0.18384940096997796,69,"{""type"":""Point"",""coordinates"":[76.71465382616522,9.46086012148583]}"
3507,1,0,780.9971445441242,9603.980984985828,0.4116134112163236,62,"{""type"":""Point"",""coordinates"":[93.74678539917255,25.62865467565191]}"
3527,0,1,583.5057964657981,7560.06340539148,0.39939705325429103,47,"{""type"":""Point"",""coordinates"":[82.13782888426516,18.85230258416163]}"
3554,0,1,920.6532112210989,13282.507015164942,0.38600407491799293,85,"{""type"":""Point"",""coordinates"":[95.32683184511976,27.63295626559946]}"
3571,0,0,487.88165244907213,11549.731159726158,0.1933555125203964,62,"{""type"":""Point"",""coordinates"":[92.96440182235371,25.34476883058513]}"
3582,1,0,834.4760054798571,15976.315105345304,0.22212130557716736,79,"{""type"":""Point"",""coordinates"":[91.3903454995059,25.57397910610132]}"
3596,1,0,-195.0715441186294,13198.413126548247,-0.05930434195975105,25,"{""type"":""Point"",""coordinates"":[91.51639865773407,25.695404080823604]}"
3597,0,0,329.04656958961823,13096.924064294319,0.11950970673502172,27,"{""type"":""Point"",""coordinates"":[75.35925541955633,13.531042921104971]}"
3617,0,1,977.8294383788198,7053.1681855499855,0.8806838336561014,33,"{""type"":""Point"",""coordinates"":[80.99892940419694,17.312535555312472]}"
3657,0,0,669.6331316550986,12096.772960792036,0.24150625371686094,79,"{""type"":""Point"",""coordinates"":[93.07504123049812,24.243572326057514]}"
3669,0,0,899.1808540215352,14971.072671665532,0.2798721476063225,71,"{""type"":""Point"",""coordinates"":[92.10562530579143,23.958009055880638]}"
3672,0,1,120.5796048765078,14341.967052538064,0.03418926403635599,40,"{""type"":""Point"",""coordinates"":[74.94677164030799,13.873615384106467]}"
3688,1,0,580.9901553690434,11404.260423608124,0.23979129405122593,74,"{""type"":""Point"",""coordinates"":[92.9467146176371,25.36004444929441]}"
3716,0,1,549.0241182897244,12393.344019618351,0.2058114892364179,95,"{""type"":""Point"",""coordinates"":[96.45796725819787,27.68475918077285]}"
3729,0,0,584.4838058598798,12204.287197568512,0.23984270295763085,42,"{""type"":""Point"",""coordinates"":[74.6452628581732,14.833265684340581]}"
3739,0,1,1090.2518982887268,12039.204605013132,0.5133924833237413,57,"{""type"":""Point"",""coordinates"":[94.92118035394448,26.45261569145072]}"
3745,0,1,941.6230068013065,14714.837073123083,0.37380139295303844,26,"{""type"":""Point"",""coordinates"":[76.17279011727685,10.579256534871895]}"
3751,0,1,477.3476889595386,11299.968408627436,0.28080298385244945,58,"{""type"":""Point"",""coordinates"":[76.98116658869161,8.746289732859758]}"
3776,1,0,500.04694306850433,8300.415866434574,0.2793054315636744,85,"{""type"":""Point"",""coordinates"":[93.50195560259,25.47296149210693]}"
3782,0,1,2565.457629341672,16095.023435630887,0.9753199387202778,32,"{""type"":""Point"",""coordinates"":[91.74836915787314,23.309779626094763]}"
3789,0,0,720.5802248680629,7850.444433982675,0.5379792879844029,55,"{""type"":""Point"",""coordinates"":[84.0948786814647,20.522431752591302]}"
3803,1,0,-25.369665748254192,11205.577645698097,-0.009113102072309176,77,"{""type"":""Point"",""coordinates"":[92.5319763494072,25.59411507976027]}"
3811,0,0,918.0865611602767,10514.157737663625,0.3834710806841283,90,"{""type"":""Point"",""coordinates"":[93.00432034318844,22.187971745767808]}"
3825,1,0,1970.4940661951896,12366.44500490278,0.9485620580962003,28,"{""type"":""Point"",""coordinates"":[93.80074020825346,26.66438020445645]}"
3837,0,1,-106.97061328594646,8703.575158596039,-0.07129959469129782,82,"{""type"":""Point"",""coordinates"":[77.33407869734413,8.640205234638596]}"
3841,0,0,2043.3477287234746,18000.547025703127,0.5207665348947619,41,"{""type"":""Point"",""coordinates"":[90.396732061979,25.3411497464308]}"
3844,0,1,1445.6394428847357,5163.070234104758,0.895840827029607,47,"{""type"":""Point"",""coordinates"":[77.69838699485656,31.56717803296949]}"
3853,0,0,1270.4137515403327,11214.332290072925,0.6491402080881444,76,"{""type"":""Point"",""coordinates"":[93.39397939319225,26.954434245041867]}"
3854,0,0,316.24401635948743,11587.74204525878,0.12027062610672401,50,"{""type"":""Point"",""coordinates"":[92.71599759580484,23.462310005946843]}"
3879,0,1,1116.025809287562,7492.710835381764,0.9721960345514462,57,"{""type"":""Point"",""coordinates"":[80.4090175080739,17.955791966892086]}"
3890,0,1,925.1119900378471,15237.39729576221,0.2825706116440214,77,"{""type"":""Point"",""coordinates"":[92.33680012270887,24.316625506127703]}"
3896,1,0,450.5004759907715,9101.679556533694,0.39450917198593677,66,"{""type"":""Point"",""coordinates"":[77.25628104385308,8.46479178124385]}"
3903,0,1,807.53825747063,8471.098121851563,0.5445982146251894,45,"{""type"":""Point"",""coordinates"":[83.33909051124273,19.053526765757514]}"
3906,0,1,779.5491240855736,15158.764653607792,0.2324130601017802,57,"{""type"":""Point"",""coordinates"":[92.36453426982031,24.272740722030374]}"
3937,0,1,187.1386868238451,6503.51354265213,0.14892653353366458,89,"{""type"":""Point"",""coordinates"":[93.37671202309734,28.059765362851877]}"
3941,0,1,1952.7839699983597,15967.105234056711,0.5580170817014128,53,"{""type"":""Point"",""coordinates"":[90.55461458901931,25.810135243966034]}"
3943,0,1,616.4374166268744,7310.686428296832,0.4707831755956856,66,"{""type"":""Point"",""coordinates"":[81.97655705187071,17.44549378921032]}"
3947,0,1,1434.7857928252179,15376.64342121481,0.472041154448809,46,"{""type"":""Point"",""coordinates"":[91.96682954146058,24.02936995877308]}"
3959,0,1,915.3889186327751,6734.377262823917,0.7774529758549841,28,"{""type"":""Point"",""coordinates"":[74.61954753991904,33.19747354331555]}"
3961,0,1,1653.7615536528874,5549.745277943468,0.9760761452128827,53,"{""type"":""Point"",""coordinates"":[77.5655819314174,31.578071314417514]}"
3965,0,0,750.9527727365494,7889.624788835645,0.4916484697984722,73,"{""type"":""Point"",""coordinates"":[94.54030301439767,25.10489230752673]}"
3995,1,0,627.7837803177536,9720.168450198136,0.32092418121771843,38,"{""type"":""Point"",""coordinates"":[93.38079695654655,27.045231105969204]}"
4007,0,1,-329.3920078253868,17821.983836415395,-0.07895664209633521,83,"{""type"":""Point"",""coordinates"":[91.70637369969421,25.340522171062787]}"
4017,1,0,-656.5420668423176,10730.873882867396,-0.20963556742744216,74,"{""type"":""Point"",""coordinates"":[92.13869167332251,25.62342322046781]}"
4020,0,1,1276.6579083032902,11532.433834143914,0.6410966780208873,83,"{""type"":""Point"",""coordinates"":[93.25230240883032,26.98414958124308]}"
4026,0,0,754.622940543275,9056.494252089386,0.46724009949143686,69,"{""type"":""Point"",""coordinates"":[94.08516207075948,23.887873066527778]}"
4036,0,1,935.8612550056223,8530.367158387748,0.6486607765571327,65,"{""type"":""Point"",""coordinates"":[80.77675408351078,19.41375257017259]}"
4037,0,1,-55.714397087693214,12223.706248711795,-0.0244256356509576,47,"{""type"":""Point"",""coordinates"":[76.34619405751221,11.173162108778818]}"
4053,0,1,856.972789147374,12029.280823301371,0.35110021413521325,57,"{""type"":""Point"",""coordinates"":[89.52181680176118,26.806450828576914]}"
4067,0,0,406.3137064202965,10412.085012247704,0.15679567176966763,73,"{""type"":""Point"",""coordinates"":[92.9912421912712,22.61031063520426]}"
4069,0,1,1373.2814136862762,17201.711294174194,0.5037127767798398,49,"{""type"":""Point"",""coordinates"":[95.61052395990608,27.9186777648117]}"
4116,0,1,229.66258323878083,7039.102424078808,0.19357293196213354,32,"{""type"":""Point"",""coordinates"":[80.69963874194819,21.69254178946176]}"
4139,0,0,239.02866635322607,12985.29326659441,0.08664136305085057,42,"{""type"":""Point"",""coordinates"":[96.15716857258381,27.86792363564288]}"
4151,0,1,414.1203801542524,13417.078471001238,0.21862183379038044,31,"{""type"":""Point"",""coordinates"":[77.0819339255694,9.275504008485541]}"
4158,0,0,1641.4138634031624,19253.29720875295,0.5003692982206958,66,"{""type"":""Point"",""coordinates"":[75.28467406435162,13.044857974285682]}"
4159,0,1,1429.192118540297,12066.575423385813,0.5833448269541907,78,"{""type"":""Point"",""coordinates"":[93.02808867332313,23.02654292159437]}"
4176,0,1,685.4676940737445,8005.1221640182375,0.46092134888459596,26,"{""type"":""Point"",""coordinates"":[81.62821840855425,18.699983588076066]}"
4184,0,1,658.6995011377849,3244.8448733598634,0.7453260106710559,67,"{""type"":""Point"",""coordinates"":[75.42913441404644,33.723752980120864]}"
4191,0,0,238.03502088040113,8997.71565020457,0.16520991303906757,57,"{""type"":""Point"",""coordinates"":[76.62384963567317,11.01432939878549]}"
4194,0,1,939.3692679451451,8374.93370381948,0.6571047924917232,82,"{""type"":""Point"",""coordinates"":[81.5490160722685,17.650061102517615]}"
4204,0,1,715.6328717142223,8047.9343996904645,0.5183379912824778,57,"{""type"":""Point"",""coordinates"":[80.65486278152073,19.74542275989355]}"
4218,0,0,176.92937428355253,8346.341130077839,0.10070720796995368,79,"{""type"":""Point"",""coordinates"":[92.18954753474884,26.947060692308003]}"
4233,0,0,853.2475241422653,9637.292668610811,0.5143855081780858,26,"{""type"":""Point"",""coordinates"":[94.84707000177515,26.173766678669644]}"
4241,0,1,643.7588056087498,7663.184166908264,0.4507689387391948,47,"{""type"":""Point"",""coordinates"":[94.44662061507827,25.275225157953386]}"
4244,0,1,-119.16851717233658,5929.673094570637,-0.08174079572914994,57,"{""type"":""Point"",""coordinates"":[97.07984761062133,28.18825457990874]}"
4247,0,0,1301.4961305514098,15564.086705157548,0.4058694588965183,66,"{""type"":""Point"",""coordinates"":[92.78400542912217,24.496384719265674]}"
4258,0,1,823.3497914451782,7005.198348397815,0.7420168766284861,30,"{""type"":""Point"",""coordinates"":[80.312791321799,18.52744733340665]}"
4263,1,0,587.8437015414238,12463.852036952972,0.2684140424553227,49,"{""type"":""Point"",""coordinates"":[76.01588871504401,11.771495067446953]}"
4277,0,1,1205.1013928404773,7895.015417449176,0.8763007090786804,79,"{""type"":""Point"",""coordinates"":[79.66810149513888,29.115922854342244]}"
4287,0,0,522.8550794119037,7785.636928349037,0.3686617666166874,47,"{""type"":""Point"",""coordinates"":[82.4368939029445,18.014011036904808]}"
4289,0,1,-23.41964062331317,13894.19089014607,-0.007209247893513701,30,"{""type"":""Point"",""coordinates"":[75.17398577948951,13.620984444688881]}"
4297,0,1,-498.7840435579419,7205.701798759401,-0.34139777890572215,87,"{""type"":""Point"",""coordinates"":[77.41371168347985,8.520550495308182]}"
4298,0,1,-2.9670184418555436,4122.30055575259,-0.003052646316942493,48,"{""type"":""Point"",""coordinates"":[96.83420208534196,28.445401781498553]}"
4305,0,1,1444.3532493833918,7690.8043653970235,0.8517150860117458,49,"{""type"":""Point"",""coordinates"":[74.99334057903084,33.02802811044969]}"
4323,0,1,938.5608948469162,9941.509623289108,0.5483885109736307,76,"{""type"":""Point"",""coordinates"":[94.82750011043552,26.211953613975147]}"
4328,0,0,979.7624363891628,8414.062934904341,0.554352919144482,45,"{""type"":""Point"",""coordinates"":[93.84181441887115,24.246957535476554]}"
4348,0,1,621.4807666537772,7251.9057313635085,0.4572281362346519,57,"{""type"":""Point"",""coordinates"":[84.41883776391691,19.589948612379306]}"
4363,0,1,478.72099354493,7301.362863645918,0.36090154504619293,35,"{""type"":""Point"",""coordinates"":[82.365047791365,19.788734746114205]}"
4372,0,1,183.04967622756885,10901.6068277359,0.08839424701389492,47,"{""type"":""Point"",""coordinates"":[94.6700120873228,28.284615386246827]}"
4373,0,1,1068.877556729316,12826.238264590502,0.4752507712868352,57,"{""type"":""Point"",""coordinates"":[94.9971458111178,26.661836230301244]}"
4393,0,0,635.1891997017829,7782.653673886428,0.4538855640324664,36,"{""type"":""Point"",""coordinates"":[83.67220324605601,20.100866294487957]}"
4403,0,1,-650.8000116884705,7781.918410770595,-0.4184748765557264,55,"{""type"":""Point"",""coordinates"":[77.12565702767795,10.28016133602477]}"
4417,0,1,3957.2341108322144,21868.119697108865,0.9427901535035167,81,"{""type"":""Point"",""coordinates"":[90.89359640493737,25.249684126514282]}"
4421,0,1,766.275891661644,9198.155529260635,0.4111194564990682,91,"{""type"":""Point"",""coordinates"":[93.56445611331246,25.194254839816033]}"
4429,0,0,1124.2891766570528,7665.553940194661,0.9396310259651132,55,"{""type"":""Point"",""coordinates"":[80.45536566520853,17.97015039223058]}"
4470,0,1,2578.176054763954,8650.463152913577,0.9443826557477494,63,"{""type"":""Point"",""coordinates"":[77.45332697708687,30.47698041041315]}"
4480,0,1,558.4171518407766,15595.80917761568,0.18658440845295607,78,"{""type"":""Point"",""coordinates"":[75.63618800614088,12.769132604183127]}"
4487,1,0,527.4560224967172,14653.66348711612,0.15679741910655112,62,"{""type"":""Point"",""coordinates"":[92.25786515000824,23.961846632453057]}"
4510,0,1,759.3858757432699,7978.262714307308,0.5364212743758342,55,"{""type"":""Point"",""coordinates"":[84.40927506429458,20.08444047790358]}"
4516,0,1,621.2158634424213,7616.773892521858,0.44489838315900915,30,"{""type"":""Point"",""coordinates"":[94.4517252680776,25.387413530366977]}"
4555,0,1,814.7934994006064,13412.43017413764,0.3052280853884538,45,"{""type"":""Point"",""coordinates"":[95.85557364270518,27.50604737261798]}"
4560,0,1,1697.0730862274759,14581.82485149242,0.9543447027710351,41,"{""type"":""Point"",""coordinates"":[76.77117559006514,8.94443145472962]}"
4584,0,1,1248.470610158145,16498.511170377955,0.3237840524578236,54,"{""type"":""Point"",""coordinates"":[91.1411936487659,25.612008908551605]}"
4613,0,1,978.6261412110007,8346.57180943757,0.637596583880813,35,"{""type"":""Point"",""coordinates"":[81.25485344210281,18.42666264672135]}"
4650,0,1,1723.3716078400612,17762.630179971457,0.5557745579302924,61,"{""type"":""Point"",""coordinates"":[75.58787350419217,11.96790930668226]}"
4667,0,0,589.0462688552034,7709.29158561139,0.417251174319674,50,"{""type"":""Point"",""coordinates"":[83.64345813169096,20.041826538895517]}"
4684,0,0,1091.282528799773,16815.158051632345,0.430505561053806,72,"{""type"":""Point"",""coordinates"":[76.66324533957163,9.662757119871179]}"
4688,1,0,1088.3000363669307,9294.073394085157,0.5715064416520319,82,"{""type"":""Point"",""coordinates"":[93.72808587237171,24.08894160907303]}"
4699,0,1,887.2520393017212,8513.208216272702,0.5018026210106139,64,"{""type"":""Point"",""coordinates"":[94.00675065226268,24.283812482885057]}"
4704,0,0,983.294603276252,14416.577066600323,0.3433800787322688,43,"{""type"":""Point"",""coordinates"":[96.38840367966192,27.539441707018977]}"
4711,1,0,461.55322825461553,11414.02351973392,0.2621651621432199,69,"{""type"":""Point"",""coordinates"":[76.93869449489983,8.798319515064069]}"
4712,0,1,-772.5343893386425,5882.182598689571,-0.6024455306081363,35,"{""type"":""Point"",""coordinates"":[76.73547459764353,11.488343724503338]}"
4715,0,1,-629.6824265360829,5319.62106859684,-0.3883568639355503,42,"{""type"":""Point"",""coordinates"":[96.1541153198243,28.68003425542901]}"
4716,0,1,784.9359992384907,8635.454078793526,0.4353942122228571,70,"{""type"":""Point"",""coordinates"":[94.17179990346249,24.3954455917681]}"
4721,0,1,947.7041294387273,7918.546124280281,0.722811777066851,55,"{""type"":""Point"",""coordinates"":[80.53034193676515,19.171205073376303]}"
4733,0,0,2302.877961465718,20302.27997754328,0.6552950103159737,29,"{""type"":""Point"",""coordinates"":[75.10329409677207,12.771099482833247]}"
4738,0,1,-362.5587798938159,9959.166023226455,-0.135841055720594,52,"{""type"":""Point"",""coordinates"":[92.24530297880969,25.89490448347686]}"
4754,0,1,1999.4024091599276,12893.485368647816,0.9697011277374734,46,"{""type"":""Point"",""coordinates"":[74.52526979380929,33.40823854193649]}"
4775,0,0,197.37808473110272,10436.788375109434,0.10223627577324046,87,"{""type"":""Point"",""coordinates"":[94.79295915637823,28.033279732271126]}"
4795,1,0,554.1274479677022,7799.921320712782,0.38373128450141775,58,"{""type"":""Point"",""coordinates"":[82.20923457258682,18.059779305962408]}"
4821,0,0,78.91296724677068,7462.1437667533755,0.05270633431468643,81,"{""type"":""Point"",""coordinates"":[93.52163934884568,27.815975045327836]}"
4851,0,0,360.14885526476064,12437.752623314382,0.13342825622854823,29,"{""type"":""Point"",""coordinates"":[96.29376318254688,27.90080655212231]}"
4856,0,1,168.97643123855778,8074.950872614863,0.11072761638305363,83,"{""type"":""Point"",""coordinates"":[93.69800537330015,27.512003957950405]}"
4862,0,0,836.6371782869101,8108.347532574087,0.5903802545026001,36,"{""type"":""Point"",""coordinates"":[81.55051801739056,19.266151590433644]}"
4879,0,0,917.7612492419512,7464.656611216221,0.7000686293628702,30,"{""type"":""Point"",""coordinates"":[85.30860241208676,21.595488150797976]}"
4885,0,1,941.1308263659485,10122.986882388592,0.4963749299671928,86,"{""type"":""Point"",""coordinates"":[93.93084513321836,25.73008411762571]}"
4889,0,1,1264.003062243387,7290.046637101099,0.7936210683763991,53,"{""type"":""Point"",""coordinates"":[80.08219575973536,30.08618300111289]}"
4903,1,0,-425.6329881433394,10322.25689132139,-0.16982937157677455,71,"{""type"":""Point"",""coordinates"":[75.39596323771073,13.611786657417623]}"
4916,0,1,1008.8609646988734,11348.321204894884,0.40610558025081717,54,"{""type"":""Point"",""coordinates"":[93.02101643580319,22.571083028163866]}"
4936,0,1,-196.84255184903668,11357.19936672505,-0.0778118170271306,91,"{""type"":""Point"",""coordinates"":[93.71979557050749,7.0421203297152095]}"
4939,0,1,82.77488461583926,9360.071946974844,0.037770371624598,29,"{""type"":""Point"",""coordinates"":[92.55092403471805,26.01875030159115]}"
4966,0,1,89.2936555385586,5321.862158477306,0.07592875468139827,61,"{""type"":""Point"",""coordinates"":[96.99037424187526,28.285694325420305]}"
4968,0,1,211.73024714589155,5582.76747674495,0.216921989957057,89,"{""type"":""Point"",""coordinates"":[92.96391950277521,27.60059685646599]}"
4971,0,1,494.8783442237491,7720.566325155214,0.43463476267638484,40,"{""type"":""Point"",""coordinates"":[80.58782194419882,22.213254017572407]}"
4980,0,0,-351.3421290165161,4948.0077566087275,-0.3055294110836335,37,"{""type"":""Point"",""coordinates"":[75.72217431897947,13.233631758825352]}"
4981,1,0,-875.167559866979,9768.912781552877,-0.2963492822633238,79,"{""type"":""Point"",""coordinates"":[91.85758499019722,25.898106115089046]}"
4982,1,0,-142.59887156486548,12251.164774000645,-0.05206259441401045,45,"{""type"":""Point"",""coordinates"":[75.96789462478164,11.691342367406373]}"
